Game,Platform,Available

100% Orange Juice Syura & Nanako Character Pack,Steam,y
100% Orange Juice,Steam,y
140,Steam,y
140,Steam,y
1993 Space Machine,Steam,y
20% off at Lone Shark Games,Lone Shark Games,y
2064: Read Only Memories,Steam,y
2064: Read Only Memories,Steam,y
230 Battleborn Platinum Currency,Battleborn,y
25% Off Guild Wars 2: Path of Fire,Guild Wars 2: Path of Fire coupon,y
2x Overwatch Loot Boxes,Blizzard,y
40% Off Resident Evil 7 Gold Edition,Playstation,y
40% Off Valkyria Revolution (PS4),Playstation,y
45% off Street Fighter V PS Store Coupon,PS Store,y
50% Off Dead Rising 4: Frank's Big Package,Playstation,y
50% Off Yakuza 0 (PS4),Playstation,y
50% off Mega Man Legacy Collection PS Store Coupon,PS Store,y
60 Parsecs!,Steam,y
7 Days to Die,Steam,y
7 Grand Steps,Steam,y
7 Grand Steps: What Ancients Begat,Steam,y
7 Mages,Steam,y
80 Days,Steam,y
911 Operator - Special Resources DLC,Steam,y
911 Operator,Steam,y
>observer_,Steam,y
A Druid's Duel,Steam,y
A Hat in Time,Steam,y
A Kiss For the Petals - Remembering How We Met,Steam,y
A Magical High School Girl,Steam,y
A Short Hike,Steam,y
A Story About My Uncle,Steam,y
A Virus Named Tom,Steam,y
ABZU,Steam,y
ABZU,Steam,y
ACID Music Studio 10,Magix,y
ACID Pro 7,Magix,y
AER Memories of Old,Steam,y
AER Memories of Old,Steam,y
AI War: Fleet Command,Steam,y
AI War: Fleet Command,Steam,y
ARMA Gold Edition,Steam,y
ASTRONEER,Steam,y
Aaero,Steam,y
Abalone,Steam,y
Absolver,Steam,y
Action Henk,Steam,y
Agatha Christie - The ABC Murders,Steam,y
Agony,Steam,y
Agricola: All Creatures Big and Small,Steam,y
Alan Wake's American Nightmare,Steam,y
Alien: Isolation,Steam,y
All-Star Fruit Racing - Yogscast Car DLC,Steam,y
Almost There: The Platformer,Steam,y
Alpha Kimori™: Episode One,Steam,y
Alpha Protocol,Steam,y
Ame no Marginal -Rain Marginal-,Steam,y
American Truck Simulator,Steam,y
Amnesia Fortnight 2012 The Series,Steam,y
Amnesia Fortnight 2014 The Series,Steam,y
Amnesia Fortnight Prototype Steam Key,Steam,y
Amnesia™: Memories,Steam,y
Among the Sleep - Enhanced Edition,Steam,y
Ancient Planet,Steam,y
Android Exporter,Steam,y
Android Exporter,Steam,y
Android Module,GameMaker,y
Animal Super Squad,Steam,y
Anna's Quest,Steam,y
Anodyne,Steam,y
Anomaly 2,Steam,y
Anomaly 2,Steam,y
Anomaly Defenders,Steam,y
Anomaly Korea,Steam,y
Anomaly Warzone Earth Mobile Campaign,Steam,y
Anomaly: Warzone Earth,Steam,y
Antagonist,Steam,y
Antichamber,Steam,y
Apotheon,Steam,y
Aragami,Steam,y
Aragami,Steam,y
Arcana Heart 3 LOVE MAX!!!!!,Steam,y
Armello,Steam,y
Armello,Steam,y
Artificial Defense,Steam,y
Ashes of the Singularity: Escalation - Epic Map Pack,Steam,y
Ashes of the Singularity: Escalation - Turtle Wars,Steam,y
Ashes of the Singularity: Escalation Gauntlet DLC,Steam,y
Ashes of the Singularity: Escalation Overlord Scenario Pack DLC,Steam,y
Ashes of the Singularity: Escalation Turtle Wars DLC,Steam,y
Ashes of the Singularity: Escalation,Steam,y
Ashes of the Singularity: Escalation,Steam,y
Assassin's Creed® 2 Deluxe Edition,Uplay,y
Assassin's Creed® Brotherhood Deluxe,Uplay,y
Assassin's Creed® Origins,Uplay,y
Assault Android Cactus,Steam,y
Auto Age: Standoff,Steam,y
Avadon 2: The Corruption,Steam,y
Avernum 2: Crystal Souls,Steam,y
Aviary Attorney,Steam,y
Awesomenauts Yogscast Pack - Coco Nebulon,Steam,y
Awesomenauts Yogscast Pack - Max Focus,Steam,y
Awesomenauts Yogscast Pack - Rocco,Steam,y
Awesomenauts Yogscast Pack - Skolldir,Steam,y
Awesomenauts Yogscast Pack - Ted McPain,Steam,y
Awesomenauts,Steam,y
BIT.TRIP Presents... Runner2: Future Legend of Rhythm Alien Wii U,Nintendo Wii U,y
BIT.TRIP Presents... Runner2: Future Legend of Rhythm Alien,Steam,y
BROFORCE,Steam,y
Back to Bed,Steam,y
Back to Bed,Steam,y
Back to Bed,Steam,y
Back to the Future: The Game,Steam,y
Ballistick,Steam,y
Banner Saga 2,Steam,y
Barony,Steam,y
Bastion Steam Key,Steam,y
Batalj BETA Friend Key,Steam,y
Batalj BETA,Steam,y
Batman: Tunnel of Terror (Episode 2),Rifftrax,y
Battle Chef Brigade,Steam,y
Battle Islands Commanders - E3 Exclusive Crate,Steam,y
Battle Riders,Steam,y
Battle Worlds: Kronos,Steam,y
Battle for the Galaxy $5 In-App Purchase,Battle for the Galaxy ,y
Battle for the Galaxy $5 In-App Purchase,Battle for the Galaxy ,y
Battleborn Platinum VC ($9.99),PlayStation,y
Battleborn Starter Skin Pack,Battleborn,y
Battleborn,Steam,y
Battlerite DLC: YogYog Bear Mount,Steam,y
Battlerite DLC: YogYog Bear Mount,Steam,y
Battlevoid: Harbinger,Steam,y
Beat Hazard Ultra,Steam,y
Beholder 2,Steam,y
Beholder,Steam,y
Beholder,Steam,y
Bejeweled™ 3,Steam,y
Betrayer,Steam,y
Beyond Eyes,Steam,y
Bezier,Steam,y
BiT Evolution,Steam,y
Big Pharma,Steam,y
Binary Domain,Steam,y
Binary Domain,Steam,y
BioShock: The Collection,Steam,y
Bioshock Infinite,Steam,y
Bioshock Infinite,Steam,y
Black the Fall,Steam,y
Blacksmith,Steam,y
Blade & Bones,Steam,y
Blade & Soul Giveaway Pack,Blade & Soul Giveaway Pack,y
Blade & Soul Shadow Guard Bundle,NCSoft,y
Blade & Soul Yogscast Pack,Blade + Soul,y
BlazBlue: Chronophantasma Extend,Steam,y
BlazBlue: Continuum Shift Extend,Steam,y
Bleed 2,Steam,y
Blockstorm,Steam,y
BloodRealm: Battlegrounds "Gaul" Campaign (Early Access),BloodRealm,y
BloodRealm: Battlegrounds Debut Champion "Lora" + 3 Elite Packs (Early Access),BloodRealm,y
Bloodsports.TV,Steam,y
Board Battlefield,Steam,y
Bohemian Killing - Original Soundtrack and Artbooks DLC,Steam,y
Borderlands 2 Mechromancer Character Pack,Steam,y
Borderlands 2 Psycho Character Pack,Steam,y
Borderlands 2 Ultimate Vault Hunter Upgrade Pack 2,Steam,y
Borderlands 2 Ultimate Vault Hunter Upgrade Pack,Steam,y
Borderlands 2,Steam,y
Borderlands 2: Game of the Year,Steam,y
Borderlands: Game of the Year Edition,Steam,y
Borderlands: The Handsome Collection,Steam,y
Borderlands: The Pre-Sequel,Steam,y
Botanicula,Steam,y
Bounty Train,Steam,y
Brazen Prototype Steam Key,Steam,y
Brazen Prototype Steam Key,Steam,y
Brazen Prototype Steam Key,Steam,y
Brazen Prototype Steam Key,Steam,y
Broken Age,Steam,y
Broken Age,Steam,y
Broken Age,Steam,y
Brothers - A Tale of Two Sons,Steam,y
Bully: Scholarship Edition,Steam,y
Butcher,Steam,y
CHIP,Steam,y
CLANNAD,Steam,y
CONSORTIUM,Steam,y
CRYPTARK,Steam,y
Caffeine Gamer Pack,Other,y
Call of Duty: Black Ops 4 Additional Content,Blizzard,y
Call of Duty: Black Ops 4 C.O.D.E. Salute Pack,Blizzard,y
Call of Duty: Black Ops 4 Standard Edition,Blizzard,y
Call of Duty®: Black Ops III - Multiplayer Starter Pack,Steam,y
Campus Notes - forget me not.,Steam,y
Canabalt,Steam,y
Car Mechanic Simulator 2015,Steam,y
Caravan,Steam,y
Carcassonne - Tiles & Tactics,Steam,y
Carcassonne - Tiles & Tactics,Steam,y
Card City Nights,Steam,y
Catlateral Damage,Steam,y
Cave Story+,Steam,y
Caveblazers - Arena Mode DLC,Steam,y
Caveblazers,Steam,y
Chime Sharp,Steam,y
Chivalry: Medieval Warfare,Steam,y
Chivalry: Medieval Warfare,Steam,y
Chivalry: Medieval Warfare,Steam,y
Chivalry: Medieval Warfare,Steam,y
Choice Chamber,Steam,y
Choice Chamber,Steam,y
Choplifter HD,Steam,y
Chroma Squad,Steam,y
Chroma Squad,Steam,y
Chronology,Steam,y
Chronology: Time Changes Everything,Steam,y
Cibele,Steam,y
Cities: Skylines + After Dark DLC,Steam,y
Cities: Skylines - Snowfall,Steam,y
Citizens of Earth,Steam,y
Clatter,Steam,y
Clicker bAdventure,Steam,y
Clickteam Fusion 2.5 Developer,Steam,y
Clickteam Fusion 2.5 Developer,Steam,y
Clickteam Fusion 2.5 Mac Editor,Clickteam,y
Clickteam Fusion 2.5 Mac Editor,Clickteam,y
Clickteam Fusion 2.5 Standard,Steam,y
Clickteam Fusion 2.5 Standard,Steam,y
Clickteam Fusion HTML5 Exporter,Steam,y
Clickteam Fusion HTML5 Exporter,Steam,y
Closure,Steam,y
Cloudborn,Steam,y
Cloverfield,Rifftrax,y
ClusterPuck 99,Steam,y
Clustertruck,Steam,y
Cogs Steam Key,Steam,y
Colt Express,Steam,y
Colt Express,Steam,y
Concrete Jungle,Steam,y
Concrete Jungle,Steam,y
Contraption Maker,Spotkin,y
Contraption Maker,Steam,y
Contraption Maker,Steam,y
Convoy,Steam,y
Cook, Serve, Delicious!,Steam,y
Cook, Serve, Delicious!,Steam,y
Copoka,Steam,y
Cosmonautica,Steam,y
Cosmonautica,Steam,y
Costume Quest,Steam,y
Crawl,Steam,y
Crayon Physics Deluxe Steam Key,Steam,y
Crazy Machines 3,Steam,y
Crazy Oafish Ultra Blocks: Big Sale,Steam,y
Crazy Plant Shop,Steam,y
Crazy Taxi,Steam,y
Creature Romances: Kokonoe Kokoro,Steam,y
Crossout - Thug Starter Pack,Gaijin Games,y
Crusaders of the Lost Idols - Elite Starter Pack,Steam,y
Crusaders of the Lost Idols Legendary Starter Pack,Steam,y
Cube Link,Steam,y
Cultist Simulator,Steam,y
Cursed Castilla (Maldita Castilla EX),Steam,y
Curses 'N Chaos,Steam,y
Cyberdimension Neptunia: 4 Goddesses Online - Deluxe Pack DLC,Steam,y
DARK SOULS™ III - Ashes of Ariandel™,Steam,y
DARK SOULS™ III,Steam,y
DEFCON Multiplayer Key,Multiplayer,y
DUCKGAME,Steam,y
Dandara,Steam,y
Dangerous High School Girls in Trouble,Steam,y
Dark Messiah of Might & Magic,Steam,y
Dark Scavenger,Steam,y
Dark Souls II: Scholar of the First Sin,Steam,y
Darkest Dungeon,Steam,y
Darkside Detective,Steam,y
Darksiders II Steam Key,Steam,y
Darksiders II: Deathinitive Edition,Steam,y
Darksiders Steam Key,Steam,y
Darkwood,Steam,y
Day of the Devs VIP Ticket,Day of the Devs 2016,y
Day of the Devs VIP Ticket,Day of the Devs 2017,y
Day of the Tentacle Remastered,Steam,y
Day of the Tentacle Remastered,Steam,y
Day of the Tentacle,Steam,y
Dead Age,Steam,y
Dead Island Definitive Edition,Steam,y
Dead Rising 2,Steam,y
Dead Rising 4,Steam,y
Dead Rising, Dustforce, Crazy Taxi, Super Monkey Ball: Banana Splitz, Resident Evil HD, Mega Man Legacy Collection, Resident Evil Code Veronica X, Sonic Generations, Binary Domain, Alien: Isolation, Dead Rising 2 HD, Valkyria Chronicles Remastered,Playstation,y
Dead Space™ 2,Steam,y
Dead Synchronicity: Tomorrow Comes Today,Steam,y
Dead by Daylight,Steam,y
Dead by Daylight,Steam,y
Deadlight Directors Cut,Steam,y
Deadlight,Steam,y
Deadly Sin 2,Steam,y
Deadly Sin,Steam,y
Dear Esther: Landmark Edition,Steam,y
Death Road to Canada,Steam,y
Death Road to Canada,Steam,y
Death Squared,Steam,y
Deathgarden™: BLOODHARVEST,Steam,y
Deep Dungeons of Doom,Steam,y
Deep Dungeons of Doom,Steam,y
Deep Dungeons of Doom,Steam,y
Deep Under The Sky,Steam,y
Defend Your Life: TD,Steam,y
Democracy 3 Collector's Edition,Steam,y
Deponia Doomsday Soundtrack,Steam,y
Deponia Doomsday,Steam,y
Deponia: The Complete Journey,Steam,y
DeskScapes,DeskScapes,y
DeskScapes,Stardock,y
Destiny 2 Planet of Peace Exclusive Emblem,Destiny 2 Emblem,y
Destiny 2,Blizzard,y
Detective Case and Clown Bot in: Murder in the Hotel Lisbon,Steam,y
Deus Ex: Human Revolution - Director's Cut,Steam,y
Devil Daggers,Steam,y
Devil May Cry HD Collection,PS3,y
DiRT Rally,Steam,y
DiRT Rally,Steam,y
Diaries of a Spaceport Janitor,Steam,y
Dimension Jump,Steam,y
Dinocide,Steam,y
Disc Jam BETA,Steam,y
Discover Unity Game Development - From Zero to 12 Games,Other,y
Discover Unity Game Development - From Zero to 12 Games,Other,y
Do Not Feed the Monkeys,Steam,y
Domina,Steam,y
Dominion Online — Intrigue + Prosperity Expansions,Dominion Online,y
Dominion Online — Seaside Expansion,Dominion Online,y
Dominique Pamplemousse,Steam,y
Don't Move Desura Key,Desura,y
Don't Stand Out,Steam,y
Doodle God: 8-bit Mania (Steam),Steam,y
Door Kickers,Steam,y
Double Fine Adventure Documentary,Steam,y
Dragon Age™: Origins,Steam,y
Dragon's Dogma: Dark Arisen,Steam,y
Drawful 2,Steam,y
Drawful 2,Steam,y
Drawful 2,Steam,y
DreadOut,Steam,y
Dreadnought™ Fleet Recruitment Pack (PS4),PlayStation,y
Dream Daddy: A Dad Dating Simulator,Steam,y
Dreaming Sarah,Steam,y
Dreamscape,Steam,y
Dropsy,Steam,y
Duelyst - 20 Spirit Orbs,Duelyst,y
Duelyst - Cosmetics Bundle,Duelyst,y
Duet,Steam,y
Duke Nukem 3D: Megaton Edition,Steam,y
Duke Nukem Forever,Steam,y
Dungeon Defenders + All DLC Steam key,Steam,y
Dungeon Escape,Steam,y
Dungeon Rushers steam early-access,Steam,y
Dungeon Souls,Steam,y
Dungeon of the Endless - Crystal Pack,Steam,y
Dungeon of the Endless,Steam,y
Dungeons & Robots,Steam,y
Dungeons 2,Steam,y
Dungeons 3,Steam,y
Dungeons of Dredmor Desura Key,Desura,y
Duskers,Steam,y
Dust: An Elysian Tail,Steam,y
Dusty Revenge: Co-Op Edition,Steam,y
EARTH DEFENSE FORCE 4.1 The Shadow of New Despair,Steam,y
EARTH DEFENSE FORCE 4.1: BM03 Vegalta Gold,Steam,y
EARTH DEFENSE FORCE 4.1: Blood Storm,Steam,y
EARTH DEFENSE FORCE 4.1: Depth Crawler Gold Coat,Steam,y
EARTH DEFENSE FORCE 4.1: Gigantus DCC-Gogo. Marking,Steam,y
EARTH DEFENSE FORCE 4.1: Gigantus DCC-Zero Marking,Steam,y
EARTH DEFENSE FORCE 4.1: Gigantus Tank, Bullet Girls Marking,Steam,y
EARTH DEFENSE FORCE 4.1: Gigantus Tank, EDF IFPS Markings,Steam,y
EARTH DEFENSE FORCE 4.1: Gigantus Tank, Natsuiro HS Markings,Steam,y
EARTH DEFENSE FORCE 4.1: Gleipnir,Steam,y
EARTH DEFENSE FORCE 4.1: Ifrit,Steam,y
EARTH DEFENSE FORCE 4.1: Mission Pack 1: Time of the Mutants,Steam,y
EARTH DEFENSE FORCE 4.1: Mission Pack 2: Extreme Battle,Steam,y
EARTH DEFENSE FORCE 4.1: Pure Decoy Launcher 5 Pack A,Steam,y
EARTH DEFENSE FORCE 4.1: Pure Decoy Launcher 5 Pack B,Steam,y
EARTH DEFENSE FORCE 4.1: Reflectron Laser,Steam,y
EARTH DEFENSE FORCE 4.1: Spark Lancer,Steam,y
EARTH DEFENSE FORCE 4.1: Sting Shot,Steam,y
EARTH DEFENSE FORCE 4.1: Volatile Napalm,Steam,y
ENSLAVED™: Odyssey to the West™ Premium Edition,Steam,y
ESO Vanity pet: Bristlegut Piglet and 15 days of ESO Plus,BAM,y
ETHEREAL,Steam,y
Echoes of Aetheria,Steam,y
Eisenwald: Blood of November,Steam,y
Elegy for a Dead World,Steam,y
Elite Dangerous - Cobra Mk III ship skin,Frontier,y
Ellipsis,Steam,y
Emily is Away Too,Steam,y
Empire: Total War,Steam,y
Endless Legend™ - Classic Edition,Steam,y
Environmental Station Alpha,Steam,y
Environmental Station Alpha,Steam,y
Escape Goat 2,Steam,y
Eterium,Steam,y
Eufloria HD,Steam,y
Everything,Steam,y
Everything,Steam,y
Everything,Steam,y
Expand - Soundtrack Edition,Steam,y
F.E.X (Forced Evolution Experiment),Steam,y
FEZ,Steam,y
FORCED,Steam,y
FTL: Faster Than Light Steam Key,Steam,y
FaceRig Classic,Steam,y
FaceRig Pro,Steam,y
Faeria Early Access Bundle,Steam,y
Fahrenheit: Indigo Prophecy Remastered,Steam,y
Fahrenheit: Indigo Prophecy Remastered,Steam,y
Fairy Bloom Freesia Soundtrack,Steam,y
Fairy Bloom Freesia,Steam,y
Fallen Enchantress Ultimate Edition,Steam,y
Fallen Enchantress,Steam,y
Far Cry® 5 Gold Edition + Far Cry ® New Dawn Deluxe Edition Bundle,Uplay,y
Far Cry® Primal Standard Edition,Uplay,y
FarSky,Steam,y
Fault milestone one,Steam,y
Fault milestone two side:above,Steam,y
Fearless Fantasy,Steam,y
Fences,Fences,y
Fences,Steam,y
Feudalism,Steam,y
Fibbage XL,Steam,y
Fibbage XL,Steam,y
Fidel - Dungeon Rescue,Steam,y
Fight'N Rage,Steam,y
Fighting Fantasy Legends Portal,Steam,y
Fighting Fantasy Legends,Steam,y
Fighting Fantasy: The Forest of Doom,Steam,y
Figment Soundtrack,Steam,y
Figment,Steam,y
Filthy, Stinking, Orcs,Steam,y
Finding Paradise,Steam,y
Finding Teddy,Steam,y
Five Nights at Freddy's: Sister Location,Steam,y
Five Nights at Freddy's: Sister Location,Steam,y
Five Nights at Freddy’s 3,Steam,y
Five Nights at Freddy’s 3,Steam,y
Flat Heroes,Steam,y
Flat Kingdom Paper's Cut Edition,Steam,y
Flinthook,Steam,y
Flux8,Steam,y
Forged Battalion,Steam,y
Fort Meow,Steam,y
Fortune-499,Steam,y
Fran Bow,Steam,y
Freaky Awesome,Steam,y
Freedom Force vs. The Third Reich,Steam,y
Freedom Force,Steam,y
Frog Climbers,Steam,y
Frog God Games Tier 3 Content,Frog God Games,y
Frozen Synapse Prime,Steam,y
Full Metal Furies,Steam,y
Full Throttle Remastered,Steam,y
Furi,Steam,y
Future Proof,Steam,y
G-senjou no Maou - The Devil on G-String Voiced Edition,Steam,y
GNOG,Steam,y
GOD EATER 2 Rage Burst,Steam,y
GRAV (Early Access),Steam,y
GRAV (Early Access),Steam,y
GRID 2,Steam,y
GRID 2,Steam,y
GUILTY GEAR XX ACCENT CORE PLUS R,Steam,y
GUILTY GEAR XX ΛCORE CORE PLUS R,Steam,y
GUILTY GEAR Xrd -SIGN-,Steam,y
GUILTY GEAR Xrd -SIGN-,Steam,y
Gaia,Other,y
Galactic Civilizations I: Ultimate Edition,Steam,y
Galactic Civilizations II: Ultimate Edition,Steam,y
Galactic Civilizations III,Steam,y
Galactic Civilizations III: Crusade Expansion Pack,Steam,y
Galactic Civilizations III: Intrigue,Steam,y
Galactic Civilizations® III,Steam,y
Galactic Civilizations® III,Steam,y
Galactic Missile Defense,Steam,y
Galak-Z,Steam,y
Game Dev Studio,Steam,y
Game of Thrones: Season 1 Episode 1,Rifftrax,y
GameFlow,Other,y
GameMaker Studio Pro,GameMaker,y
Gang Beasts,Steam,y
Gangs of Space Jingle Jam Pack,Steam,y
Garry's Mod,Steam,y
Garry's Mod,Steam,y
Gemini Rue,Steam,y
Gemini: Heroes Reborn,Steam,y
Gems of War – Demon Hunter Bundle,Steam,y
Genital Jousting,Steam,y
Genital Jousting,Steam,y
Get Even,Steam,y
Getting Over It with Bennett Foddy,Steam,y
Getting Over It with Bennett Foddy,Steam,y
Ghost in the Shell: Stand Alone Complex First Assault Online - First Connection Crate,Steam,y
Ghostbusters: The Video Game,Steam,y
Girls Like Robots,Steam,y
Go! Go! Nippon! 2015 DX Edition (base + DLC),Steam,y
Go! Go! Nippon! 2016 (DLC),Steam,y
Go! Go! Nippon! ~My First Trip to Japan~,Steam,y
GoNNER,Steam,y
Goat Simulator,Steam,y
Goat Simulator,Steam,y
Goat Simulator: GOATY,Steam,y
Golf With Your Friends (Early Access),Steam,y
Gotham City Impostors Free to Play: Professional Impostor Kit,Steam,y
Gratuitous Space Battles Multiplayer Key,Multiplayer,y
Gratuitous Space Battles Multiplayer Key,Multiplayer,y
Graveyard Keeper,Steam,y
Greed Corp,Steam,y
Gremlins, Inc.,Steam,y
Grey Goo,Steam,y
Grim Dawn,Steam,y
Grim Fandango Remastered, The Bard's Tale, InnerSpace,PlayStation,y
Grim Fandango Remastered,Steam,y
Grim Fandango Remastered,Steam,y
Grimm & Tonic,Steam,y
Groupy,Stardock,y
Guacamelee Super Turbo Championship Edition,Steam,y
Guacamelee! Complete,Steam,y
Guacamelee! Gold Edition,Steam,y
Guacamelee! Super Turbo Championship Edition Wii U,Nintendo Wii U,y
Guacamelee! Super Turbo Championship Edition,Steam,y
Guild Wars 2 Heroic Edition,Guild Wars 2 Heroic Edition,y
Guild Wars 2: Heroic Edition,ArenaNet,y
Guild Wars 2: Heroic Edition,ncsoft,y
Guild Wars 2: Toy Mini Eye DLC,ArenaNet,y
Guild Wars: Eye of the North DLC,ArenaNet,y
Guild Wars: Nightfall,ArenaNet,y
Guild of Dungeoneering,Steam,y
Gunman Clive 3DS,Nintendo 3DS,y
Gunmetal Arcadia Zero (Steam, Humble Monthly),Steam,y
Gunmetal Arcadia Zero,Steam,y
Gunpoint,Steam,y
Gunpoint,Steam,y
Guns of Icarus Alliance Collector's Edition,Steam,y
Guns of Icarus Alliance Costume Pack,Steam,y
Guns of Icarus Alliance Soundtrack,Steam,y
Guns of Icarus Alliance Soundtrack,Steam,y
Guns of Icarus Alliance Yogscast 2017 Costume Pack,Steam,y
Guns of Icarus Alliance,Steam,y
Guns of Icarus Online Costume Pack,Steam,y
Guns of Icarus Online Soundtrack,Steam,y
Guns of Icarus Online,Steam,y
Gurgamoth,Steam,y
H1Z1 Trickster Crate,H1Z1 Trickster Crate,y
H1Z1,Steam,y
HAWKEN – Prosk Starter Bundle,Steam,y
HITMAN™: THE COMPLETE FIRST SEASON,Steam,y
HIVESWAP: Act 1,Steam,y
HTML5 Module,GameMaker,y
Hacknet Labyrinths DLC,Steam,y
Hacknet,Steam,y
Hacknet,Steam,y
Hacknet,Steam,y
Hacknet,Steam,y
HackyZack,Steam,y
HackyZack,Steam,y
HackyZack,Steam,y
HackyZack,Steam,y
Halcyon 6: Starbase Commander (LIGHTSPEED EDITION),Steam,y
Half Minute Hero: Super Mega Neo Climax Ultimate Boy,Steam,y
Half-Minute Hero: The Second ComingHalf Minute Hero: Super Mega Neo Climax Ultimate Boy,Steam,y
Halfway,Steam,y
Halloween,Rifftrax,y
Hand of Fate,Steam,y
Harald: A Game of Influence,Steam,y
Hard Reset Redux,Steam,y
Harry Potter and the Sorcerer's Stone,Rifftrax,y
Hatoful Boyfriend,Steam,y
Headlander,Steam,y
Headlander,Steam,y
Hellblade: Senua's Sacrifice,Steam,y
Hello Neighbor,Steam,y
Hello Pollution!,Steam,y
Her Story,Steam,y
Her Story,Steam,y
Hero Academy Gold Pack Content Code,Hero Academy Gold Pack Content Code,y
Heroes of Might & Magic 3 - HD Edition,Steam,y
Heroes of Might & Magic IV: Complete Edition,Uplay,y
Heroes of Might & Magic V,Uplay,y
Heroes of Might & Magic V: Hammers of Fate DLC,Uplay,y
Heroes of Might & Magic V: Tribes of the East,Uplay,y
Heroic Fantasy Creatures Full Pack Volume 1,Other,y
Hexcells Complete Pack,Steam,y
Hidden Folks,Steam,y
Highway Blossoms,Steam,y
Highway Blossoms,Steam,y
Highway Blossoms,Steam,y
Higurashi When They Cry Hou - Ch. 5 Meakashi,Steam,y
Higurashi When They Cry Hou - Ch.1 Onikakushi,Steam,y
Higurashi When They Cry Hou - Ch.2 Watanagashi,Steam,y
Higurashi When They Cry Hou - Ch.3 Tatarigoroshi,Steam,y
Higurashi When They Cry Hou - Ch.4 Himatsubushi,Steam,y
Hitman: Absolution,Steam,y
Hive,Steam,y
HoPiKo,Steam,y
Hollow Knight,Steam,y
Holy Potatoes! We're in Space?!,Steam,y
Home,Steam,y
Homefront,Steam,y
Homefront: The Revolution,Steam,y
Hot Tin Roof: The Cat That Wore A Fedora Deluxe,Steam,y
Hotspot Shield - Elite VPN 5 devices/1 year,Hotspot Shield,y
Hue,Steam,y
Hue,Steam,y
Human Resource Machine,Steam,y
Human: Fall Flat,Steam,y
Humble Frozen Synapse Bundle Desura Key,Desura,y
Humble Frozenbyte Bundle Desura Key,Desura,y
Humble Indie Bundle #2 Desura Key,Desura,y
Humble Indie Bundle #3 Desura Key,Desura,y
Humble Indie Bundle #3 Steam Key,Steam,y
Humble Introversion Bundle Desura Key,Desura,y
Humble Origin Bundle 2,Origin,y
HunieCam Studio,Steam,y
HunieCam Studio,Steam,y
HunieCam Studio,Steam,y
HuniePop,Steam,y
HuniePop,Steam,y
HuniePop,Steam,y
Hurtworld,Steam,y
Hurtworld,Steam,y
Husk,Steam,y
Hustle Cat,Steam,y
Hyperdimension Neptunia Re;Birth1 Colosseum + Characters DLC,Steam,y
Hyperdimension Neptunia Re;Birth1 Deluxe Edition Bundle DLC,Steam,y
Hyperdimension Neptunia Re;Birth1,Steam,y
Hyperdimension Neptunia Re;Birth2 Deluxe Edition Bundle DLC,Steam,y
Hyperdimension Neptunia Re;Birth2,Steam,y
Hyperdimension Neptunia Re;Birth3 Deluxe Edition Bundle DLC,Steam,y
Hyperdimension Neptunia Re;Birth3,Steam,y
Hyperdimension Neptunia U: Action Unleashed,Steam,y
Hyperdrive Massacre,Steam,y
I'm not a Monster,Steam,y
INK Deluxe Edition,Steam,y
INVERSUS Deluxe,Steam,y
Iconpackager,Stardock,y
Idle Champions of the Forgotten Realms -- Celeste Starter Pack,Steam,y
Idol Hands,Steam,y
Idol Magical Girl Chiru Chiru Michiru Part 1,Steam,y
Idol Magical Girl Chiru Chiru Michiru Part 2,Steam,y
If My Heart Had Wings,Steam,y
Immortal Redneck,Steam,y
In memory of TITAN,Steam,y
Indecision.,Steam,y
Industry Empire,Steam,y
Infested Planet - Trickster's Arsenal DLC,Steam,y
Infested Planet,Steam,y
Infinifactory,Steam,y
Insanely Twisted Shadow Planet,Steam,y
Install Creator Pro,Clickteam,y
Install Creator Pro,Clickteam,y
Intelligent Design: An Evolutionary Sandbox,Steam,y
Inventory Pro,Other,y
Invisible, Inc.,Steam,y
Ironclad Tactics,Steam,y
Jalopy,Steam,y
Japanese School Life,Steam,y
Jotun,Steam,y
Jump Stars,Steam,y
JumpJet Rex,Steam,y
JumpJet Rex,Steam,y
Jurassic Park,Rifftrax,y
Jurassic Park: The Game,Steam,y
Jurassic World Evolution - Ankylosaurus skin (Vivid Variant),Steam,y
Just Cause 3 XXL Edition,Steam,y
Just Deserts,Steam,y
Just Deserts,Steam,y
KARAKARA,Steam,y
KARAKARA,Steam,y
KARAKARA2,Steam,y
Kabounce,Steam,y
Karma. Incarnation 1,Steam,y
Kathy Rain,Steam,y
Kathy Rain,Steam,y
Ken Follett's The Pillars of the Earth,Steam,y
Kentucky Route Zero,Steam,y
Kentucky Route Zero,Steam,y
Kerbal Space Program,Steam,y
Kero Blaster,Steam,y
Khet 2.0 - The Laser Game,Steam,y
Kholat,Steam,y
Kholat,Steam,y
Kill to Collect,Steam,y
Kill to Collect,Steam,y
Kill to Collect,Steam,y
Kill to Collect,Steam,y
Kill to Collect,Steam,y
Killer is Dead - Nightmare Edition,Steam,y
Killing Floor 2 Digital Deluxe Edition,Steam,y
Killing Floor 2, Shadow Warrior 2,PlayStation,y
Killing Floor 2,Steam,y
Killing Floor Bundle Steam Key,Steam,y
Killing Floor,Steam,y
Kimmy,Steam,y
King and Assassins,Steam,y
King's Bounty: Ice and Fire,Steam,y
King's Bounty: Warriors of the North,Steam,y
Kingdom Come: Deliverance,Steam,y
Kingdom: New Lands,Steam,y
Knight Squad,Steam,y
Kobold Press Tier 3 Content,Kobold Press,y
Kona,Steam,y
Kyoto Colorful Days,Steam,y
LA Cops,Steam,y
LIMBO,Steam,y
LISA,Steam,y
LOVE,Steam,y
La-Mulana,Steam,y
Ladykiller in a Bind,Steam,y
Lakeview Cabin Collection,Steam,y
Lakeview Cabin Collection,Steam,y
Lara Croft GO,Steam,y
Lara Croft and the Guardian of Light,Steam,y
Last Day of June,Steam,y
Last Day of June,Steam,y
Last Day of June,Steam,y
Last Encounter,Steam,y
Last Word,Steam,y
Late Shift,Steam,y
Layers of Fear, Wasteland 2: Director's Cut - Standard Edition, The Talos Principle, Broken Age,PlayStation,y
Le Havre: The Inland Port,Steam,y
Legend of Grimrock 2,Steam,y
Legend of Grimrock,Steam,y
LiEat,Steam,y
LiEat,Steam,y
Lion Quest,Steam,y
Little Inferno,Steam,y
Little Nightmares,Steam,y
Lock's Quest,Steam,y
Long Live The Queen,Steam,y
Loot Rascals Soundtrack,Steam,y
Loot Rascals,Steam,y
Lord of the Rings: Fellowship of the Ring,Rifftrax,y
Lost Castle,Steam,y
Lost Horizon,Steam,y
Lost in the Dungeon,Steam,y
LostWinds 2: Winter of the Melodias,Steam,y
LostWinds,Steam,y
Love is Dead,Steam,y
LoveKami -Divinity Stage-,Steam,y
LoveKami -Useless Goddess-,Steam,y
Lucius Demake,Steam,y
Ludwig,Steam,y
Lumino City,Steam,y
Luna's Wandering Stars,Steam,y
MAGIX Fastcut,MAGIX Fastcut,y
MAGIX Photo Manager Deluxe,Magix,y
MAGIX Photostory Deluxe Bonus Content,Magix,y
MAGIX Photostory Deluxe,Magix,y
MAGIX Video Sound Cleaning Lab,Magix,y
MAGIX Video Sound Cleaning Lab,Magix,y
MAGIX Vintage Effects Suite,Magix,y
MANOS: The Hands of Fate Director's Cut,Steam,y
METAL GEAR SOLID V: GROUND ZEROES,Steam,y
METAL GEAR SOLID V: THE PHANTOM PAIN,Steam,y
METAL GEAR SOLID V: The Definitive Experience DLC,Steam,y
MINIT,Steam,y
MOTHERGUNSHIP,Steam,y
MP3 Deluxe 19,Magix,y
MX vs. ATV Supercross, Darksiders, Darksiders II, MX vs. ATV Supercross Encore, Darksiders II, Deathinitive Edition, Darksiders Warmastered, Battle Worlds Kronos, Destroy All Humans!, Legend of Kay Anniversary, Destroy All Humans! 2, The Book of Unwritten Tales 2, Red Faction, Super Dungeon Bros., Deponia, and ArcaniA: The Complete Tale,Playstation,y
Machina of the Planet Tree -Planet Ruler-,Steam,y
Machinarium Collector's Edition,Steam,y
Mad Max,Steam,y
Mafia II Director's Cut,Steam,y
Mafia III Digital Deluxe,Steam,y
Magical Battle Festa,Steam,y
Magicka + 2 DLC,Steam,y
Magicka 2,Steam,y
Magicka,Steam,y
Magnifico,Steam,y
Malus Code,Steam,y
Mark of the Ninja,Steam,y
Marooners,Steam,y
Marvel's Guardians of the Galaxy: The Telltale Series,Steam,y
Marvin's Mittens,Steam,y
Mass Effect™ 2,Steam,y
Massive Chalice,Steam,y
Master Spy,Steam,y
Master x Master Poharan Pack,NCSoft,y
Match Point,Steam,y
Meadow,Steam,y
Mega Man Legacy Collection,Steam,y
Megadimension Neptunia VII Digital Deluxe Edition DLC,Steam,y
Megadimension Neptunia VII,Steam,y
Megadimension Neptunia VIIR - Deluxe Bundle DLC,Steam,y
Megadimension Neptunia VIIR,Steam,y
Memoria Soundtrack,Steam,y
Memoria,Steam,y
Memory's Dogma CODE:01,Steam,y
Metrocide,Steam,y
Middle-earth: Shadow of Mordor Game of the Year Edition,Steam,y
Might & Magic Heroes VI - Gold Edition,Uplay,y
Might & Magic Heroes VI - Shades of Darkness,Uplay,y
Might & Magic VI-Pack,Uplay,y
Might & Magic X Legacy - The Falcon & The Unicorn DLC,Uplay,y
Might & Magic X Legacy,Uplay,y
Might & Magic: Clash of Heroes - I Am the Boss DLC,Steam,y
Might & Magic: Clash of Heroes,Steam,y
Mighty No. 9,Steam,y
Mighty No. 9,Steam,y
Mighty Switch Force! 3DS,Nintendo 3DS,y
Millennium: A New Hope,Steam,y
Mimic Arena,Steam,y
Mindball Play,Steam,y
Minecraft: Story Mode - A Telltale Games Series,Steam,y
Mini Metro,Steam,y
Mini Metro,Steam,y
Minion Masters,Steam,y
Mirage: Arcane Warfare,Steam,y
MirrorMoon EP,Steam,y
Miscreated (Early Access),Steam,y
Momodora: Reverie Under The Moonlight,Steam,y
Momodora: Reverie Under the Moonlight,Steam,y
Monaco: What's Yours Is Mine,Steam,y
Monster Loves You,Steam,y
Monster Monpiece,Steam,y
Monster Prom,Steam,y
Monstercat Twitch License,Monstercat,y
Moon Chronicles Episode 1 3DS,Nintendo 3DS,y
Moon Hunters,Steam,y
Moonlighter,Steam,y
Mordheim City of the Damned,Steam,y
Morphblade,Steam,y
Mother Russia Bleeds,Steam,y
Motorsport Manager,Steam,y
Mountain,Steam,y
Move or Die,Steam,y
Mr. B Natural,Rifftrax,y
Mr. Massagy,Steam,y
Mr. Shifty,Steam,y
Mr.President(Steam),Steam,y
Multimedia Fusion 2 Registration Key,Multimedia Fusion 2 Registration,y
Multimirror,Steam,y
Multiplicity,Steam,y
Multiwinia Multiplayer Key,Multiplayer,y
Murdered: Soul Suspect,Steam,y
Mushroom 11,Steam,y
Music Maker 80s Edition,Magix,y
Music Maker EDM Edition,Magix,y
Music Maker Hip Hop Beat Producer,Magix,y
Mutant Year Zero: Road to Eden,Steam,y
Mysterium: A Psychic Clue Game,Steam,y
N++ (NPLUSPLUS),Steam,y
NAIRI: Tower of Shirin,Steam,y
NASCAR Heat 2 - October Jumbo Expansion,Steam,y
NBA 2K16,Steam,y
NBA 2K17,Steam,y
NBA Playgrounds,Steam,y
NEKO-NIN exHeart +PLUS Nachi,Steam,y
NEKO-NIN exHeart +PLUS Saiha,Steam,y
NEKO-NIN exHeart,Steam,y
NEKOPARA Vol. 0,Steam,y
NEKOPARA Vol. 1,Steam,y
NEKOPARA Vol. 2,Steam,y
NaissanceE,Steam,y
Narcissu 10th Anniversary Anthology Project - Season Pass,Steam,y
Narcissu 10th Anniversary Anthology Project,Steam,y
Necromonads,Steam,y
Necromonads,Steam,y
Negligee,Steam,y
Neon Chrome,Steam,y
Neon Drive (Steam),Steam,y
NeuroVoider,Steam,y
Never Alone + Foxtales DLC,Steam,y
Neverending Nightmares,Steam,y
Neverwinter Enthusiast Pack + Humble Bundle exclusive in-game title,Neverwinter,y
Neverwinter Feywild Starter Pack,Neverwinter Feywild Starter Pack,y
Neverwinter Gilded White Steed,Perfect World,y
Nex Machina,Steam,y
Nidhogg,Steam,y
Nightsky Steam Key,Steam,y
Nihilumbra,Steam,y
Ninja Pizza Girl,Steam,y
No Time To Explain Remastered,Steam,y
No Time To Explain Remastered,Steam,y
No Time To Explain Remastered,Steam,y
No Time to Explain,Steam,y
Nongünz,Steam,y
Northgard,Steam,y
Not the Robots,Steam,y
Nuclear Throne,Steam,y
Nuclear Throne,Steam,y
ONE PIECE BURNING BLOOD,Steam,y
OTTTD,Steam,y
Obduction,Steam,y
Odallus: The Dark Call,Steam,y
OddPlanet,Steam,y
Oddworld: Abe's Oddysee®,Steam,y
Oddworld: New 'n' Tasty,Steam,y
Offworld Trading Company - Blue Chip Ventures DLC,Steam,y
Offworld Trading Company - Conspicuous Consumption DLC,Steam,y
Offworld Trading Company - Limited Supply DLC,Steam,y
Offworld Trading Company - Scenario Toolkit DLC,Steam,y
Offworld Trading Company - The Ceres Initiative DLC,Steam,y
Offworld Trading Company - The Patron and the Patriot DLC,Steam,y
Offworld Trading Company,Steam,y
Offworld Trading Company: Deluxe Edition,Steam,y
Offworld Trading Company: Jupiter's Forge Expansion Pack,Steam,y
Oil Rush,Steam,y
Okhlos,Steam,y
Old Man's Journey,Steam,y
OlliOlli 3DS,Nintendo 3DS,y
OlliOlli Wii U,Nintendo Wii U,y
OlliOlli2: Welcome to Olliwood,Steam,y
On Rusty Trails,Steam,y
One Piece Pirate Warriors 3,Steam,y
Oniken,Steam,y
Oniken,Steam,y
Oozi: Earth Adventure,Steam,y
Operation Flashpoint: Red River,Steam,y
Opus Magnum,Steam,y
Orcs Must Die! 2: Complete Pack,Steam,y
Orcs Must Die! GOTY,Steam,y
Orwell: Keeping an Eye on You,Steam,y
Oscura: Lost Light,Steam,y
Out of the Park Baseball 17,Steam,y
Outlast 2,Steam,y
Overcooked,Steam,y
Overgrowth Steam key,Steam,y
Overgrowth,Steam,y
Overgrowth,Steam,y
Overture,Steam,y
Overwatch Loot Box,Blizzard,y
Overwatch,Blizzard,y
Owlboy,Steam,y
Oxenfree,Steam,y
Oxenfree,Steam,y
Oxenfree,Steam,y
Oxenfree,Steam,y
PAC-MAN MUSEUM™,Steam,y
PAC-MAN™ CHAMPIONSHIP EDITION 2,Steam,y
Pacify,Steam,y
Pale Echoes,Steam,y
Pandemic: The Board Game,Steam,y
Paradigm,Steam,y
Paragon Gunslinger Pack,Epic Games,y
Paratopic,Steam,y
Particulars,Steam,y
Party Hard 2,Steam,y
Party Hard,Steam,y
Party Hard: High Crimes,Steam,y
Pathfinder Adventures,Steam,y
Pathfinder Adventures,Steam,y
Pathfinder Online Free Trial,Paizo,y
Pathfinder: Shattered Star $1 Tier,Paizo,y
Pathfinder: Shattered Star $15 Tier,Paizo,y
Pathfinder: Shattered Star $18 Tier,Paizo,y
Pathfinder: Shattered Star $8 Tier,Paizo,y
Pathologic Classic HD,Steam,y
Perfect Heist,Steam,y
Pinstripe,Steam,y
Pirate Pop Plus,Steam,y
Pitiri 1977,Steam,y
Pixel Piracy,Steam,y
Pizza Titan Ultra,Steam,y
Plague Inc: Evolved,Steam,y
Planet of the Eyes,Steam,y
Planetary Annihilation TITANS,Steam,y
Plantera,Steam,y
Plantera,Steam,y
Poi (Steam),Steam,y
Poker Night 2,Steam,y
Poker Night at the Inventory,Steam,y
Poly Bridge,Steam,y
Poly Bridge,Steam,y
Pony Island,Steam,y
Pool Panic,Steam,y
Potatoman Seeks the Troof,Steam,y
Pressure,Steam,y
Primal Carnage: Extinction,Steam,y
Princess Evangile All Ages Version,Steam,y
Privacy Guardian,Privacy Guardian,y
Project CARS 2,Steam,y
Proteus,Steam,y
Psychonauts,Steam,y
Psychonauts,Steam,y
Psychonauts,Steam,y
Punch Club,Steam,y
Punch Club,Steam,y
Punch Club,Steam,y
Punch Club,Steam,y
Purrfect Date - Visual Novel/Dating Simulator,Steam,y
Purrfect Date - Visual Novel/Dating Simulator,Steam,y
Puzzle Agent 2,Steam,y
Puzzle Agent,Steam,y
Puzzlepack #4: Giant Crosswords Code Fragment,Lone Shark Games,y
Q.U.B.E. 2,Steam,y
Q.U.B.E: Director's Cut,Steam,y
Q.U.B.E: Director's Cut,Steam,y
QP Shooting - Dangerous!!,Steam,y
Quadle,Steam,y
Quadle,Steam,y
Quake Champions Early Access plus 50 Shards, 100 Platinum, 2000 Favor,Steam,y
Quantum Break,Steam,y
Quiplash,Steam,y
Quiplash,Steam,y
Quiplash,Steam,y
R-COIL,Steam,y
REVOLVER 360 RE:ACTOR,Steam,y
RIVE: Wreck, Hack, Die, Retry,Steam,y
RIVE: Wreck, Hack, Die, Retry,Steam,y
ROCKETSROCKETSROCKETS,Steam,y
RPG Maker 2000,Steam,y
RPG Maker 2003,Steam,y
RPG Maker MV - Epic Strings,Steam,y
RPG Maker MV - Fantastic Buildings - Medieval,Steam,y
RPG Maker MV - Medieval: Interiors,Steam,y
RPG Maker MV - Medieval: Town & Country,Steam,y
RPG Maker MV - Sci Fi Battlers 2,Steam,y
RPG Maker MV - Steampunk Tiles MV,Steam,y
RPG Maker MV - Town of Seasons,Steam,y
RPG Maker MV,Steam,y
RPG Maker VX Ace - Action & Battle Themes,Steam,y
RPG Maker VX Ace - Ancient Dungeons - Winter,Steam,y
RPG Maker VX Ace - Arabian Nights,Steam,y
RPG Maker VX Ace - Casino Tile Pack,Steam,y
RPG Maker VX Ace - Dungeon Music Pack,Steam,y
RPG Maker VX Ace - Emotional Music Pack,Steam,y
RPG Maker VX Ace - Evil Castle Tiles Pack,Steam,y
RPG Maker VX Ace - Futuristic Atmospheres,Steam,y
RPG Maker VX Ace - Futuristic School Tiles,Steam,y
RPG Maker VX Ace - Heist Music Pack,Steam,y
RPG Maker VX Ace - High Fantasy - The Deep,Steam,y
RPG Maker VX Ace - High Fantasy Resource Bundle II,Steam,y
RPG Maker VX Ace - High Fantasy Resource Bundle,Steam,y
RPG Maker VX Ace - JSM Futuristic Music Pack,Steam,y
RPG Maker VX Ace - KHAS Ultra Lighting Script,Steam,y
RPG Maker VX Ace - Magnificent Quest Music Pack,Steam,y
RPG Maker VX Ace - Modern Music Mega-Pack,Steam,y
RPG Maker VX Ace - POP! Horror City - Character Pack 1,Steam,y
RPG Maker VX Ace - POP! Horror City,Steam,y
RPG Maker VX Ace - PVG Sci Fi Tiles,Steam,y
RPG Maker VX Ace - Pirate Ship Tiles,Steam,y
RPG Maker VX Ace - Sci-Fi Battlebacks,Steam,y
RPG Maker VX Ace - Sci-Fi Tiles,Steam,y
RPG Maker VX Ace - The Adventurer's Final Journey,Steam,y
RPG Maker VX Ace - The Emporium of Copper and Steel,Steam,y
RPG Maker VX Ace - Time Fantasy - Monsters,Steam,y
RPG Maker VX Ace - Time Fantasy,Steam,y
RPG Maker VX Ace - Tragedy and Drama,Steam,y
RPG Maker VX Ace - Tyler Warren RTP Redesign 1,Steam,y
RPG Maker VX Ace - Wild Steam Resource Pack,Steam,y
RPG Maker VX Ace,Steam,y
RPG Maker VX,Steam,y
RPG Maker XP,Steam,y
RUINER,Steam,y
Race The Sun,Flippfly,y
Race The Sun,Steam,y
RaidersSphere4th,Steam,y
Railroad Tycoon 3,Steam,y
Rakuen,Steam,y
Random Access Murder,Steam,y
Rapture Rejects - Humble Exclusive "Safari Outfit" DLC,Steam,y
Rapture Rejects,Steam,y
ReThink,Steam,y
Realistic Effects Pack 4,other,y
Rebel Galaxy,Steam,y
Red Faction Guerrilla Re-Mars-tered,Steam,y
Red Faction II,Steam,y
Red Faction,Steam,y
Red Faction: Armageddon Path to War DLC Steam Key,Steam,y
Red Faction: Armageddon Path to War DLC Steam key,Steam,y
Red Faction: Armageddon Steam Key,Steam,y
Red Orchestra 2 Steam Key,Steam,y
Red Orchestra Steam Key,Steam,y
Regency Solitaire,Steam,y
Regions of Ruin,Steam,y
Regions of Ruin,Steam,y
Reigns: Game of Thrones,Steam,y
Remnants of Isolation,Steam,y
Resident Evil 5 Gold Edition,Steam,y
Resident Evil Revelations,Steam,y
Retro City Rampage DX,Steam,y
Retro Game Crunch,Steam,y
Retro Game Crunch,Steam,y
Reus,Steam,y
Rezrog,Steam,y
Richard & Alice,Steam,y
Riders of Icarus E3 Heroic Ranger's Fury Pack,Steam,y
Ridge Racer™ Unbounded Bundle,Steam,y
RiffTrax Live: Night Of The Living Dead,Rifftrax,y
Rise of the Tomb Raider,Steam,y
Risen 3 Complete Edition,Steam,y
Rising Storm 2: Vietnam + 2 DLCs,Steam,y
Risk of Rain,Steam,y
Riskers,Steam,y
Rituals,Steam,y
Rivals of Aether,Steam,y
Rivals of Aether,Steam,y
Road Doom,Steam,y
Road Redemption,Steam,y
Road to Ballhalla,Steam,y
Robocraft Eagle Pack,Freejam Games,y
Robocraft Jingle Jam Pack,Robocraft Jingle Jam Pack,y
Robocraft Jingle Jam Pack,Robocraft,y
Robocraft Pack (Early Access),Robocraft,y
Robot Roller-Derby Disco Dodgeball,Steam,y
Robot Roller-Derby Disco Dodgeball,Steam,y
Rock of Ages 2 – Classic Pack,Steam,y
Rock of Ages 2: Bigger & Boulder™,Steam,y
Rocket Birds: Hardboiled Chicken,Steam,y
Rocket Riot™,Steam,y
Rogue Stormers - Four Pack,Steam,y
RollerCoaster Tycoon 2: Triple Thrill Pack,Steam,y
RollerCoaster Tycoon: Deluxe,Steam,y
Roombo: First Blood (Justice Sucks),Steam,y
Roommates Deluxe Edition,Steam,y
Root Double -Before Crime * After Days- Xtend Edition,Steam,y
Root Double -Before Crime * After Days- Xtend Edition,Steam,y
Runestone Keeper,Steam,y
Running with Rifles,Steam,y
Rust (Early Access),Steam,y
Rusty Lake: Roots,Steam,y
SHENZHEN I/O,Steam,y
SHENZHEN I/O,Steam,y
SIMULACRA,Steam,y
SOMA,Steam,y
SOMA,Steam,y
SOULCALIBUR VI,Steam,y
SOUND FORGE Audio Studio 10,Magix,y
SOUND FORGE Pro 11,Magix,y
SPLASH BLAST PANIC,Steam,y
SUPERHOT,Steam,y
Sacred Franchise Pack,Steam,y
Saints Row 2,Steam,y
Saints Row the Third - The Full Package,Steam,y
Saints Row: Gat Out Of Hell - Devil's Workshop Pack,Steam,y
Saints Row: Gat Out of Hell,Steam,y
Saints Row: IV Game of the Century,Steam,y
Saku Saku: Love Blooms with the Cherry Blossoms,Steam,y
Sakura Agent,Steam,y
Sakura Angels,Steam,y
Sakura Beach 2,Steam,y
Sakura Beach,Steam,y
Sakura Dungeon,Steam,y
Sakura Fantasy,Steam,y
Sakura Magical Girls,Steam,y
Sakura Nova,Steam,y
Sakura Santa,Steam,y
Sakura Shrine Girls,Steam,y
Sakura Space,Steam,y
Sakura Spirit,Steam,y
Sakura Swim Club,Steam,y
Sam & Max: Devil's Playhouse,Steam,y
Samorost 3,Steam,y
Sanctum 2,Steam,y
Sanctum: Collection,Steam,y
Sang-Froid: Tales of Werewolves,Steam,y
Satellite Reign,Steam,y
Satellite Reign,Steam,y
Saturday Morning RPG,Steam,y
Scanner Sombre,Steam,y
Scanner Sombre,Steam,y
Scrap Garden,Steam,y
Screencheat,Steam,y
Scythe: Digital Edition,Steam,y
Seasons After Fall,Steam,y
Secret Files: Tunguska,Steam,y
Secrets of Raetikon,Steam,y
Sega Bass Fishing and Eastside Hockey Manager,Steam,y
Sentinels of the Multiverse - Shattered Timelines,Steam,y
Sentinels of the Multiverse,Steam,y
Serious Sam 3: BFE,Steam,y
Seven: The Days Long Gone,Steam,y
Shadow Tactics: Blades of the Shogun,Steam,y
Shadow Tactics: Blades of the Shogun,Steam,y
Shadow Tactics: Blades of the Shogun,Steam,y
Shadow Tactics: Blades of the Shogun,Steam,y
Shadow Tactics: Blades of the Shogun,Steam,y
Shadow Warrior Classic Redux,Steam,y
Shadow Warrior: Special Edition,Steam,y
Shadowrun Returns,Steam,y
Shadwen,Steam,y
Shake Hands with Danger,Rifftrax,y
Shattered Planet,Steam,y
Shattered Planet,Steam,y
She Remembered Caterpillars,Steam,y
She Remembered Caterpillars,Steam,y
Shenmue I & II,Steam,y
Sherlock Holmes: The Devil's Daughter,Steam,y
Shoppe Keep 2 (Steam),Steam,y
Shoppe Keep,Steam,y
Shu,Steam,y
Sid Meier's Civilization V,Steam,y
Sid Meier's Civilization® III: Complete,Steam,y
Sid Meier's Civilization® III: Complete,Steam,y
Sid Meier's Civilization®: Beyond Earth™,Steam,y
Sid Meier's Railroads!,Steam,y
Sid Meier’s Ace Patrol,Steam,y
Sid Meier’s Ace Patrol: Pacific Skies,Steam,y
Silence of the Sleep,Steam,y
Silence,Steam,y
Silence,Steam,y
SimplePlanes,Steam,y
Sins of a Solar Empire: Rebellion,Steam,y
Sins of a Solar Empire: Rebellion,Steam,y
Sins of a Solar Empire: Rebellion,Steam,y
Sins of a Solar Empire: Rebellion,Steam,y
Skara - The Blade Remains (Early Access Starter Package),Steam,y
Skullgirls + All Characters + Color Palette Bundle DLC,Steam,y
Skullgirls,Steam,y
Skulls of the Shogun,Steam,y
Sky Break,Steam,y
Skyborn,Steam,y
Slay the Spire,Steam,y
Slayaway Camp,Steam,y
Sleeping Dogs,Steam,y
Sleeping Dogs: Definitive Edition,Steam,y
Slime-san,Steam,y
Slipstream,Steam,y
Small Radios, Big Televisions,Steam,y
Small World 2,Steam,y
Snake Pass,Steam,y
Sniper Elite 3,Steam,y
Sniper Elite V2,Steam,y
Sniper Elite,Steam,y
Sokobond,Steam,y
SolForge — Dinosaur Starter (Early Access),Steam,y
SolForge — Starter Pack 1 (Early Access),Steam,y
Solar 2 Steam Key,Steam,y
Solar 2,Steam,y
Solar Flux,Steam,y
Solstice,Steam,y
Song of the Deep,Steam,y
Sorcerer King: Rivals,Steam,y
Sorcerer King: Rivals,Steam,y
Sorcery! Part 3,Steam,y
Sorcery! Parts 1 and 2,Steam,y
Sound of Drop - fall into poison,Steam,y
Soundpool: Deeper Shades of House,Magix,y
Soundpool: Stranger Synths,Magix,y
Space Pilgrim Episode 1: Alpha Centauri,Steam,y
Space Run Galaxy,Steam,y
SpaceMonger,Stardock,y
Spaera (Early Access),Steam,y
Spec Ops: The Line,Steam,y
Spectrum,Steam,y
SpeedRunners,Steam,y
SpeedRunners,Steam,y
Speedball 2 HD,Steam,y
SpellForce 3 Beta Access,Steam,y
SpiderOak One Backup,SpiderOak One Backup,y
Spirits,Steam,y
Splasher,Steam,y
Splendor,Steam,y
Splotches,Steam,y
Sportsball Wii U,Nintendo Wii U,y
Sproggiwood,Steam,y
Squad (Early Access),Steam,y
Squidlit,Steam,y
Star Realms Full Version,Star Realms,y
Star Ruler,Steam,y
Star Trek Online TOS Enterprise Bridge Officers Pack,Star Trek Online TOS Enterprise Bridge Officers Pack,y
Star Wars Episode IV: A New Hope,Rifftrax,y
Star Wars The Force Awakens,Rifftrax,y
Star Wars™ Battlefront™ II,Steam,y
Star Wars™ Empire At War: Gold Pack,Steam,y
Star Wars™ Jedi Knight Dark Forces II,Steam,y
Star Wars™ Jedi Knight™ II: Jedi Outcast™,Steam,y
Star Wars™ Jedi Knight™: Jedi Academy™,Steam,y
Star Wars™ Knights of the Old Republic™ II: The Sith Lords™,Steam,y
Star Wars™ Knights of the Old Republic™,Steam,y
Star Wars™ Republic Commando,Steam,y
Star Wars™ Starfighter™,Steam,y
Star Wars™ The Force Unleashed™: Ultimate Sith Edition,Steam,y
Star Wars™: Dark Forces,Steam,y
Star Wars™: The Force Unleashed™ II,Steam,y
Starbound,Steam,y
Stardew Valley,Steam,y
Start10,Steam,y
Start8,Stardock,y
Startopia,Steam,y
Stealth Inc 2 Wii U,Nintendo Wii U,y
SteamWorld Dig 3DS,Nintendo 3DS,y
SteamWorld Dig Wii U,Nintendo Wii U,y
SteamWorld Dig,Steam,y
Steamworld Heist,Steam,y
Steel Rats,Steam,y
Steep™ X Games Gold Edition,Uplay,y
Steredenn,Steam,y
Stories Untold,Steam,y
Streamline Early Access,Steam,y
Street Fighter X Tekken,Steam,y
Streets of Rage,Steam,y
Streets of Rogue,Steam,y
Strife Closed Beta Key,Strife Closed Beta,y
Strike Vector,Steam,y
Stronghold Crusader 2,Steam,y
Stronghold Crusader 2,Steam,y
Stronghold Legends: Steam Edition,Steam,y
Styx: Master of Shadows,Steam,y
Subsurface Circular,Steam,y
Sudden Strike 4,Steam,y
Sundered,Steam,y
Sunless Sea,Steam,y
Sunrider Academy,Steam,y
Sunrider Academy,Steam,y
Sunrider: Liberation Day - Captain's Edition,Steam,y
Sunrider: Liberation Day - Captain's Edition,Steam,y
Sunrider: Liberation Day - Captain's Edition,Steam,y
Sunrider: Liberation Day - Theme Song,Steam,y
Super Animal Royale,Steam,y
Super Blood Hockey,Steam,y
Super Daryl Deluxe,Steam,y
Super Galaxy Squadron EX,Steam,y
Super Hexagon,Steam,y
Super Splatters,Steam,y
Super Steampunk Pinball 2D,Steam,y
SuperLuminauts,Steam,y
Superbrothers: Sword & Sworcery EP Steam Key,Steam,y
Superbrothers: Sword & Sworcery EP Steam Key,Steam,y
Superbrothers: Sword & Sworcery EP,Steam,y
Supreme Commander 2,Steam,y
Sure Footing,Steam,y
Surgeon Simulator + Anniversary Ed. Content,Steam,y
Surgeon Simulator 2013,Steam,y
Surgeon Simulator: Anniversary Edition,Steam,y
Surviving Mars,Steam,y
Switchblade Epic Pack DLC,Steam,y
Switchblade Starter Pack,Steam,y
Swords & Soldiers HD Steam Key,Steam,y
Swords and Soldiers 2 Shawarmageddon,Steam,y
Syder Arcade,Steam,y
System Shock Pack,Steam,y
THOTH,Steam,y
TIMEframe,Steam,y
TIS-100,Steam,y
TIS-100,Steam,y
Tacoma,Steam,y
Tales Across Time,Steam,y
Tales from Candlekeep: Tomb of Annihilation - Asharra’s Diplomat Pack,Steam,y
Tales from Candlekeep: Tomb of Annihilation - Birdsong’s Entertainer Pack,Steam,y
Tales from Candlekeep: Tomb of Annihilation - Dragonbait’s Dungeoneer Pack,Steam,y
Tales from Candlekeep: Tomb of Annihilation - Tales of Artus Cimber’s Explorer Pack,Steam,y
Tales of Maj'Eyal,Tales of Maj'Eyal,y
Tales of Zestiria,Steam,y
Talisman - The Dungeon Expansion,Steam,y
Talisman - The Highland Expansion,Steam,y
Talisman Prologue,Steam,y
Talisman: Digital Edition Frostmarch Expansion,Steam,y
Talisman: Digital Edition,Steam,y
Talisman: Digital Edition,Steam,y
Talisman: Digital Edition,Steam,y
Talisman: Digital Edition: Gambler Character Packs,Steam,y
Talisman: Digital Edition: Martyr Character Packs,Steam,y
Tangledeep Soundtrack,Steam,y
Tangledeep,Steam,y
Tannenberg,Steam,y
Tattletail,Steam,y
Team Fortress 2 Badges - Duncan's Kindhearted Kisser, Hannah's Altruistic Aspect, Sips' Selfless Simulacrum, Sjin's Generous Guise,Steam,y
Team Racing League,Steam,y
Technobabylon,Steam,y
Teenage Mutant Ninja Turtles,Rifftrax,y
Tempest: Pirate Action RPG,Steam,y
Tempest: Pirate Action RPG,Steam,y
Temple of Xiala,Steam,y
Tengami,Steam,y
Teslagrad,Steam,y
Tetrobot and Co. Steam,Steam,y
The Adventure Pals,Steam,y
The Banner Saga,Steam,y
The Basement Collection,Steam,y
The Binding of Isaac + Wrath of the Lamb DLC,Steam,y
The Blue Flamingo,Steam,y
The Book of Legends,Steam,y
The Bridge,Steam,y
The Bridge,Steam,y
The Bureau: XCOM Declassified,Steam,y
The Corporate Machine,Steam,y
The Count Lucanor,Steam,y
The Counting Kingdom,Steam,y
The Darkness II,Steam,y
The Disney Afternoon Collection,Steam,y
The Dream Machine: Chapter 4,Steam,y
The Dream Machine: Chapters 1-3,Steam,y
The Dwarves,Steam,y
The Elder Scrolls Online: Tamriel Unlimited,Steam,y
The Elder Scrolls: Legends: 2 Card Packs (Skyrim) 1 Event Ticket 100 Gold 100 Souls,Bethesda,y
The Fall Wii U,Nintendo Wii U,y
The Fall,Steam,y
The Final Station,Steam,y
The Final Station,Steam,y
The Final Station,Steam,y
The First Tree,Steam,y
The Flame in the Flood,Steam,y
The Flame in the Flood,Steam,y
The Flame in the Flood,Steam,y
The Greater Good,Steam,y
The Haunting of Billy,Steam,y
The Incredible Adventures of Van Helsing,Steam,y
The Incredible Adventures of Van Helsing: Final Cut,Steam,y
The Incredible Adventures of Van Helsing: Final Cut,Steam,y
The Inner World Soundtrack,Steam,y
The Inner World,Steam,y
The Inner World,Steam,y
The Jackbox Party Pack 2,Steam,y
The Jackbox Party Pack 2,Steam,y
The Jackbox Party Pack 3,Steam,y
The Jackbox Party Pack 3,Steam,y
The Jackbox Party Pack,Steam,y
The Jackbox Party Pack,Steam,y
The Journey Down: Chapter Three,Steam,y
The Last Federation,Steam,y
The Last Federation: Betrayed Hope,Steam,y
The Legend of Zelda: Breath of the Wild Expansion Pass,Nintendo Switch,y
The Long Dark,Steam,y
The Long Journey Home,Steam,y
The Park,Steam,y
The Political Machine 2016,Steam,y
The Red Solstice,Steam,y
The Secret World,Steam,y
The Shrouded Isle,Steam,y
The Silent Age,Steam,y
The Stanley Parable,Steam,y
The Stronghold Collection,Steam,y
The Surge,Steam,y
The Swapper,Steam,y
The Tale of ALLTYNEX,Steam,y
The Town of Light,Steam,y
The Walking Dead: 400 Days,Steam,y
The Walking Dead: Season 1,Steam,y
The Walking Dead: Season 2,Steam,y
The Warlock of Firetop Mountain,Steam,y
The Wizard,Rifftrax,y
The Wolf Among Us,Steam,y
The Yawhg,Steam,y
The Yawhg,Steam,y
There's Poop In My Soup,Steam,y
They Bleed Pixels,Steam,y
Thief,Steam,y
Think of the Children,Steam,y
Thirty Flights of Loving,Steam,y
This War of Mine,Steam,y
Throne of Lies The Online Game of Deceit,Steam,y
Tick Tock Isle,Steam,y
Tick Tock Isle,Steam,y
Ticket to Ride - Complete Bundle,Steam,y
Ticket to Ride Complete Pack,Steam,y
Tiltagon,Steam,y
Tiny Echo,Steam,y
Titan Attacks!,Steam,y
Titan Quest: Anniversary Edition + Titan Quest: Ragnarok DLC,Steam,y
Titan Souls,Steam,y
To the Moon,Steam,y
Toast Time,Steam,y
Tokyo School Life,Steam,y
Tom Clancy's The Division™ - Survival,Uplay,y
Tom Clancy's The Division™,Uplay,y
Tomb Raider,Steam,y
Tomb Raider,Steam,y
Tooth and Tail,Steam,y
Torchlight II,Steam,y
Torchlight II,Steam,y
Torment: Tides of Numenera,Steam,y
Torment: Tides of Numenera,Steam,y
Total War: ROME II - Caesar in Gaul (DLC),Steam,y
Total War: WARHAMMER - The Grim & the Grave,Steam,y
Total War: WARHAMMER,Steam,y
Totally Accurate Battlegrounds,Steam,y
Tower 57,Steam,y
Tower Unite,Steam,y
Tower of Guns,Steam,y
Toy Odyssey: The Lost and Found,Steam,y
Train Simulator 2016,Steam,y
Train Valley,Steam,y
Treadnauts,Steam,y
Trine 2: Complete Story Steam Key,Steam,y
Trine 3: The Artifacts of Power,Steam,y
Tross,Steam,y
Trulon: The Shadow Engine,Steam,y
TumbleSeed,Steam,y
Turmoil,Steam,y
Turmoil,Steam,y
Twilight Struggle,Steam,y
Twilight,Rifftrax,y
Two Digits,Steam,y
Type:Rider,Steam,y
Type:Rider,Steam,y
Tyranny - Portrait Pack,Steam,y
Tyranny - Standard Edition,Steam,y
UFPS: Ultimate FPS,Other,y
UNO,Uplay,y
Ultimate Chicken Horse,Steam,y
Ultimate Game Music Collection,Other,y
Ultimate General Gettysburg,Steam,y
UnEpic,Steam,y
Unbox: Newbie's Adventure,Steam,y
Uncanny Valley,Steam,y
UnderRail,Steam,y
Unit 4,Steam,y
Unity of Command CD Key,Unity of Command CD,y
Universal Sound FX,Other,y
Universal Windows Program Exporter,Steam,y
Universal Windows Program Exporter,Steam,y
Uurnog Uurnlimited,Steam,y
VEGAS Pro 14 Edit,Magix,y
VVVVVV,Steam,y
Vagrant Hearts,Steam,y
Valdis Story: Abyssal City,Steam,y
Valhalla Hills,Steam,y
Vampire of the Sands,Steam,y
Velocibox,Steam,y
Verdun,Steam,y
Verdun,Steam,y
Verdun,Steam,y
Verdun,Steam,y
Victor Vran,Steam,y
Viking: Battle for Asgard,Steam,y
Virginia,Steam,y
VoidExpanse,Steam,y
Volgarr the Viking,Steam,y
Volume,Steam,y
WORLD END ECONOMiCA episode.01,Steam,y
WORLD END ECONOMiCA episode.01,Steam,y
WORLD END ECONOMiCA episode.02,Steam,y
WORLD END ECONOMiCA episode.03 (Steam),Steam,y
Waddle Home,Steam,y
Waking Mars,Steam,y
Wandersong,Steam,y
War for the Overworld - Yogscast Worker Skin,Steam,y
War of Omens — Humble Super Starter,War of Omens,y
Warframe Free Promo (PC only),Warframe,y
Warframe Humble Booster (PC only),Warframe,y
Wargame: Red Dragon,Steam,y
Warhammer 40,000: Dawn of War III,Steam,y
Warhammer 40,000: Mechanicus,Steam,y
Warhammer 40,000: Space Wolf 20 Booster Pack Promo Code,Warhammer 40,000: Space Wolf Promo,y
Warhammer: End Times - Vermintide Drachenfels DLC,Steam,y
Warhammer: End Times - Vermintide Item: Razorfang Poison,Steam,y
Warhammer: End Times - Vermintide Schluesselschloss DLC,Steam,y
Warhammer: End Times - Vermintide The Outsider DLC,Steam,y
Warhammer: End Times - Vermintide,Steam,y
Warhammer: End Times - Vermintide,Steam,y
Warhammer: End Times - Vermintide,Steam,y
Warhammer: Vermintide 2 - Collector's Edition,Steam,y
Warhammer: Vermintide 2 Beta,Warhammer: Vermintide 2 Beta,y
Warhammer: Vermintide Dwarf Helmet DLC,Steam,y
Warhammer® 40,000: Dawn of War,Steam,y
Warlock: Master of the Arcane Steam Key,Steam,y
Wasted Pizza,Steam,y
Wasted,Steam,y
Wasteland 2: Director’s Cut - Classic Edition,Steam,y
Wasteland 2: Director’s Cut - Classic Edition,Steam,y
Wayward,Steam,y
We Were Here Too,Steam,y
Westerado: Double Barreled,Steam,y
Westerado: Double Barreled,Steam,y
Western Press Mk Cans II Character DLC,Steam,y
Western Press,Steam,y
Where is my Heart?,Steam,y
Will Fight for Food: SAS: GOTH,Steam,y
WinX DVD Ripper,WinX DVD Ripper,y
WinX HD Video Converter Deluxe,WinX HD Video Converter Deluxe,y
WinX MediaTrans,WinX MediaTrans,y
WindowBlinds,Stardock,y
Windows UWP Module,GameMaker,y
Witch It,Steam,y
Wizard of Legend,Steam,y
Wizorb,Steam,y
Woah Dave! 3DS,Nintendo 3DS,y
Woah Dave!,Steam,y
World Of Goo Steam Key,Steam,y
World of Goo,Steam,y
World to the West,Steam,y
World's Dawn,Steam,y
WorldOfDarkness.com Gold Badge,World of Darkness,y
Worms W.M.D,Steam,y
Wuppo,Steam,y
Wuppo,Steam,y
Wurm Unlimited,Steam,y
Wyv and Keep,Steam,y
XCOM: Enemy Unknown Complete Edition,Steam,y
XSplit Premium 3-Month License,XSplit,y
Xara Photo & Graphic Designer,Magix,y
Xara Web Designer Premium,Magix,y
YOU DON'T KNOW JACK Vol. 1 XL,Steam,y
YOU DON'T KNOW JACK Vol. 1 XL,Steam,y
YOU DON'T KNOW JACK Vol. 2,Steam,y
YOU DON'T KNOW JACK Vol. 2,Steam,y
YOU DON'T KNOW JACK Vol. 3,Steam,y
YOU DON'T KNOW JACK Vol. 3,Steam,y
YOU DON'T KNOW JACK Vol. 4: The Ride,Steam,y
YOU DON'T KNOW JACK Vol. 4: The Ride,Steam,y
Yakuza 0,Steam,y
Yoku's Island Express,Steam,y
Youtubers Life,Steam,y
Zemana Antilogger,Zemana Antilogger,y
Zero G Arena,Steam,y
Zero Reflex: Black Eye Edition,Steam,y
Zombie Army Trilogy,Steam,y
Zombie Night Terror,Steam,y
dev_me,Steam,y
eden*,Steam,y
fault - milestone two side:above,Steam,y
fault milestone one,Steam,y
iOS Exporter,Clickteam,y
iOS Exporter,Clickteam,y
iOS Exporter,Steam,y
iOS Exporter,Steam,y
iOS Module,GameMaker,y
room13 (Early Access),Steam,y
room13 (Early Access),Steam,y
shutshimi,Steam,y
uMMORPG,Other,y
